ILCE_ADI;MAHALLE_ADI
ALİAĞA;AŞAĞIŞAKRAN
ALİAĞA;ATATÜRK
ALİAĞA;B.HAYRETTİN PAŞA
ALİAĞA;BAHÇEDERE
ALİAĞA;BOZKÖY
ALİAĞA;ÇAKMAKLI
ALİAĞA;ÇALTILIDERE
ALİAĞA;ÇITAK
ALİAĞA;ÇORAKLAR
ALİAĞA;FATİH
ALİAĞA;GÜZELHİSAR
ALİAĞA;HACIÖMERLİ
ALİAĞA;HOROZGEDİĞİ
ALİAĞA;KALABAK
ALİAĞA;KAPUKAYA
ALİAĞA;KARAKÖY
ALİAĞA;KARAKUZU
ALİAĞA;KAZIM DİRİK
ALİAĞA;KURTULUŞ
ALİAĞA;KÜLTÜR
ALİAĞA;MİMAR SİNAN
ALİAĞA;ÖRNEKKENT
ALİAĞA;SAMURLU
ALİAĞA;SİTELER
ALİAĞA;ŞAKRAN HASBİ EFENDİ
ALİAĞA;ŞAKRAN SAYFİYE
ALİAĞA;ŞEHİTKEMAL
ALİAĞA;UZUNHASANLAR
ALİAĞA;YALI
ALİAĞA;YENİ
ALİAĞA;YUKARI ŞEHİTKEMAL
ALİAĞA;YÜKSEKKÖY
BALÇOVA;BAHÇELERARASI
BALÇOVA;ÇETİN EMEÇ
BALÇOVA;EĞİTİM
BALÇOVA;FEVZİ ÇAKMAK
BALÇOVA;İNCİRALTI
BALÇOVA;KORUTÜRK
BALÇOVA;ONUR
BALÇOVA;TELEFERİK
BAYINDIR;ALANKIYI
BAYINDIR;ALANKÖY
BAYINDIR;ARIKBAŞI
BAYINDIR;ATATÜRK
BAYINDIR;BALCILAR
BAYINDIR;BIYIKLAR
BAYINDIR;BURUNCUK
BAYINDIR;CAMİİ
BAYINDIR;CUMHURİYET
BAYINDIR;ÇAMLIBEL
BAYINDIR;ÇENİKLER
BAYINDIR;ÇINAR
BAYINDIR;ÇINARDİBİ
BAYINDIR;ÇIRPI CAMİ
BAYINDIR;ÇİFTÇİGEDİĞİ
BAYINDIR;DEMİRCİLİK
BAYINDIR;DEREKÖY
BAYINDIR;DERNEKLİ
BAYINDIR;ELİFLİ
BAYINDIR;ERGENLİ
BAYINDIR;FATİH
BAYINDIR;FIRINLI
BAYINDIR;GAZİLER
BAYINDIR;HACI BEŞİR
BAYINDIR;HACI İBRAHİM
BAYINDIR;HASKÖY
BAYINDIR;HATAY
BAYINDIR;HAVUZBAŞI
BAYINDIR;HİSARLIK
BAYINDIR;İBRAHİMÇAVUŞ
BAYINDIR;KABAAĞAÇ
BAYINDIR;KARAHALİLLİ
BAYINDIR;KARAHAYIT
BAYINDIR;KARAPINAR
BAYINDIR;KARAVELİLER
BAYINDIR;KIZILCAAĞAÇ
BAYINDIR;KIZILCAOVA
BAYINDIR;KIZILKEÇİLİ
BAYINDIR;KIZILOBA
BAYINDIR;KURT
BAYINDIR;LÜTUFLAR
BAYINDIR;MEKTEP
BAYINDIR;MİTHATPAŞA
BAYINDIR;NECATİ UZA
BAYINDIR;ORTA
BAYINDIR;OSMANLAR
BAYINDIR;PINARLI
BAYINDIR;SADIKPAŞA
BAYINDIR;SARIYURT
BAYINDIR;SÖĞÜTÖREN
BAYINDIR;TOKATBAŞI
BAYINDIR;TURAN
BAYINDIR;YAKACIK
BAYINDIR;YAKAPINAR
BAYINDIR;YENİ
BAYINDIR;YENİCE
BAYINDIR;YEŞİLOVA
BAYINDIR;YUSUFLU
BAYINDIR;ZEYTİNOVA
BAYRAKLI;75. YIL
BAYRAKLI;ADALET
BAYRAKLI;ALPASLAN
BAYRAKLI;BAYRAKLI
BAYRAKLI;CENGİZHAN
BAYRAKLI;ÇAY
BAYRAKLI;ÇİÇEK
BAYRAKLI;DOĞANÇAY
BAYRAKLI;EMEK
BAYRAKLI;FUAT EDİP BAKSI
BAYRAKLI;GÜMÜŞPALA
BAYRAKLI;KÖRFEZ
BAYRAKLI;MANAVKUYU
BAYRAKLI;MANSUROĞLU
BAYRAKLI;MUHİTTİN ERENER
BAYRAKLI;ONUR
BAYRAKLI;ORG.NAFİZ GÜRMAN
BAYRAKLI;OSMANGAZİ
BAYRAKLI;POSTACILAR
BAYRAKLI;R.ŞEVKET İNCE
BAYRAKLI;SOĞUKKUYU
BAYRAKLI;TEPEKULE
BAYRAKLI;TURAN
BAYRAKLI;YAMANLAR
BERGAMA;AHMETBEYLER
BERGAMA;AKÇENGER
BERGAMA;ALACALAR
BERGAMA;ALHATLI
BERGAMA;ALİBEYLİ
BERGAMA;ARMAĞANLAR
BERGAMA;AŞAĞIBEY
BERGAMA;AŞAĞICUMA
BERGAMA;AŞAĞIILGINDERE
BERGAMA;AŞAĞIKIRIKLAR
BERGAMA;ATATÜRK
BERGAMA;ATÇILAR
BERGAMA;ATMACA
BERGAMA;AVUNDUK
BERGAMA;AVUNDURUK
BERGAMA;AYASKENT
BERGAMA;AYVATLAR
BERGAMA;AZİZİYE
BERGAMA;BAHÇELİEVLER
BERGAMA;BALABAN
BERGAMA;BARBAROS
BERGAMA;BAYRAMCILAR
BERGAMA;BEKİRLER
BERGAMA;BOZKÖY
BERGAMA;BOZYERLER
BERGAMA;BÖLCEK
BERGAMA;CEVAPLI
BERGAMA;ÇAKIRLAR
BERGAMA;ÇALIBAHÇE
BERGAMA;ÇALTIKORU
BERGAMA;ÇAMAVLU
BERGAMA;ÇAMKÖY
BERGAMA;ÇAMOBA
BERGAMA;ÇELTİKÇİ
BERGAMA;ÇİTKÖY
BERGAMA;ÇOBANLAR
BERGAMA;ÇÜRÜKBAĞLAR
BERGAMA;DAĞISTAN
BERGAMA;DEMİRCİDERE
BERGAMA;DEREKÖY
BERGAMA;DOĞANCI
BERGAMA;DURMUŞLAR
BERGAMA;EĞİLLER
BERGAMA;EĞRİGÖL
BERGAMA;ERTUĞRUL
BERGAMA;FATİH
BERGAMA;FERİZLER
BERGAMA;FEVZİPAŞA
BERGAMA;GAYLAN
BERGAMA;GAZİOSMANPAŞA
BERGAMA;GAZİPAŞA
BERGAMA;GÖBELLER
BERGAMA;GÖÇBEYLİ
BERGAMA;GÖKÇEYURT
BERGAMA;GÜLTEPE
BERGAMA;GÜNEŞLİ
BERGAMA;HACIHAMZALAR
BERGAMA;HACILAR (DEREKÖY BUCAĞI)
BERGAMA;HACILAR (İSMAİLLİ BUCAĞI)
BERGAMA;HALİLAĞALAR
BERGAMA;HAMZALISÜLEYMANİYE
BERGAMA;HİSARKÖY
BERGAMA;ILGINCABER
BERGAMA;İKİZLER
BERGAMA;İNCECİKLER
BERGAMA;İNEŞİR
BERGAMA;İNKILAP
BERGAMA;İSLAMSARAY
BERGAMA;İSMAİLLİ
BERGAMA;KADIKÖY
BERGAMA;KALEARDI
BERGAMA;KAPLAN (GÖÇBEYLİ BUCAĞI)
BERGAMA;KAPLAN (YUKARIBEY BUCAĞI)
BERGAMA;KAPUKAYA
BERGAMA;KARAHIDIRLI
BERGAMA;KARALAR
BERGAMA;KARAVELİLER
BERGAMA;KAŞIKÇI
BERGAMA;KATRANCI
BERGAMA;KIRANLI
BERGAMA;KIRCALAR
BERGAMA;KIZILTEPE
BERGAMA;KOCAHALİLLER
BERGAMA;KOCAKÖY
BERGAMA;KOYUNELİ
BERGAMA;KOZLUCA
BERGAMA;KURFALLI
BERGAMA;KURTULUŞ
BERGAMA;KÜÇÜKKAYA
BERGAMA;MAHMUDİYE
BERGAMA;MALTEPE
BERGAMA;MARUFLAR
BERGAMA;MURATLAR
BERGAMA;NARLICA
BERGAMA;OKÇULAR
BERGAMA;ORUŞLAR
BERGAMA;OVACIK
BERGAMA;ÖKSÜZLER
BERGAMA;ÖRENLİ
BERGAMA;ÖRLEMİŞ
BERGAMA;PAŞAKÖY
BERGAMA;PINARKÖY
BERGAMA;PİRVELİLER
BERGAMA;RAHMANLAR
BERGAMA;SAĞANCI
BERGAMA;SARICALAR
BERGAMA;SARICAOĞLU
BERGAMA;SARIDERE
BERGAMA;SEKLİK
BERGAMA;SELÇUK
BERGAMA;SİNDEL
BERGAMA;SÜLEYMANLI
BERGAMA;TALATPAŞA
BERGAMA;TAVUKÇUKURU
BERGAMA;TEKKEDERE
BERGAMA;TEPEKÖY
BERGAMA;TERZİHALİLLER
BERGAMA;TIRMANLAR
BERGAMA;TİYELTİ
BERGAMA;TOPALLAR
BERGAMA;TURABEY
BERGAMA;ULUCAMİİ
BERGAMA;ÜÇTEPE
BERGAMA;ÜRKÜTLER
BERGAMA;YALNIZDAM
BERGAMA;YALNIZEV
BERGAMA;YENİKENT
BERGAMA;YENİLER
BERGAMA;YERLİTAHTACI
BERGAMA;YORTANLI
BERGAMA;YUKARIADA
BERGAMA;YUKARIBEY
BERGAMA;YUKARICUMA
BERGAMA;YUKARIKIRIKLAR
BERGAMA;ZAFER
BERGAMA;ZAĞNOZ
BERGAMA;ZEYTİNDAĞ
BEYDAĞ;ADAKÜRE
BEYDAĞ;AKTEPE
BEYDAĞ;ALAKEÇİLİ
BEYDAĞ;ATATÜRK
BEYDAĞ;BAKIRKÖY
BEYDAĞ;BEYKÖY
BEYDAĞ;CUMHURİYET
BEYDAĞ;ÇAMLIK
BEYDAĞ;ÇİFTLİKKÖY
BEYDAĞ;ÇOMAKLAR
BEYDAĞ;EĞRİDERE
BEYDAĞ;ERİKLİ
BEYDAĞ;HALIKÖY
BEYDAĞ;KARAOBA
BEYDAĞ;KURUDERE
BEYDAĞ;MENDERES
BEYDAĞ;MUTAFLAR
BEYDAĞ;PALAMUTÇUK
BEYDAĞ;SARIKAYA
BEYDAĞ;TABAKLAR
BEYDAĞ;YAĞCILAR
BEYDAĞ;YENİYURT
BEYDAĞ;YEŞİLTEPE
BEYDAĞ;YUKARIAKTEPE
BEYDAĞ;YUKARITOSUNLAR
BORNOVA;ATATÜRK
BORNOVA;BARBAROS
BORNOVA;BEŞYOL
BORNOVA;BİRLİK
BORNOVA;ÇAMİÇİ
BORNOVA;ÇAMKULE
BORNOVA;ÇINAR
BORNOVA;ÇİÇEKLİ
BORNOVA;DOĞANLAR
BORNOVA;EGEMENLİK
BORNOVA;EĞRİDERE
BORNOVA;ERGENE
BORNOVA;ERZENE
BORNOVA;EVKA 3
BORNOVA;EVKA 4
BORNOVA;GAZİ OSMAN PAŞA
BORNOVA;GÖKDERE
BORNOVA;GÜRPINAR
BORNOVA;IŞIKLAR
BORNOVA;İNÖNÜ
BORNOVA;KARACAOĞLAN
BORNOVA;KARAÇAM
BORNOVA;KAVAKLIDERE
BORNOVA;KAYADİBİ
BORNOVA;KAZIMDİRİK
BORNOVA;KEMALPAŞA
BORNOVA;KIZILAY
BORNOVA;KOŞUKAVAK
BORNOVA;KURUDERE
BORNOVA;LAKA
BORNOVA;MERİÇ
BORNOVA;MERKEZ
BORNOVA;MEVLANA
BORNOVA;NALDÖKEN
BORNOVA;RAFET PAŞA
BORNOVA;SARNIÇKÖY
BORNOVA;SERİNTEPE
BORNOVA;TUNA
BORNOVA;ÜMİT
BORNOVA;YAKAKÖY
BORNOVA;YEŞİLÇAM
BORNOVA;YEŞİLOVA
BORNOVA;YILDIRIM BEYAZIT
BORNOVA;YUNUS EMRE
BORNOVA;ZAFER
BUCA;29 EKİM
BUCA;ADATEPE
BUCA;AKINCILAR
BUCA;ATATÜRK
BUCA;AYDOĞDU
BUCA;BARIŞ
BUCA;BELENBAŞI
BUCA;BUCA KOOP
BUCA;CUMHURİYET
BUCA;ÇAĞDAŞ
BUCA;ÇALDIRAN
BUCA;ÇAMLIK
BUCA;ÇAMLIKULE
BUCA;ÇAMLIPINAR
BUCA;DİCLE
BUCA;DOĞANCILAR
BUCA;DUMLUPINAR
BUCA;EFELER
BUCA;FIRAT
BUCA;GAZİLER
BUCA;GÖKSU
BUCA;GÜVEN
BUCA;HÜRRİYET
BUCA;İNKILAP
BUCA;İNÖNÜ
BUCA;İZKENT
BUCA;KARACAAĞAÇ
BUCA;KARANFİL
BUCA;KAYNAKLAR MERKEZ
BUCA;KIRKLAR
BUCA;KOZAĞAÇ
BUCA;KURUÇEŞME
BUCA;LALELİ
BUCA;MENDERES
BUCA;MURATHAN
BUCA;MUSTAFA KEMAL
BUCA;SEYHAN
BUCA;ŞİRİNKAPI
BUCA;UFUK
BUCA;VALİ RAHMİ BEY
BUCA;YAYLACIK
BUCA;YENİGÜN
BUCA;YEŞİLBAĞLAR
BUCA;YILDIZ
BUCA;YILDIZLAR
BUCA;YİĞİTLER
BUCA;ZAFER
ÇEŞME;16 EYLÜL
ÇEŞME;ALAÇATI
ÇEŞME;ALTINKUM
ÇEŞME;ALTINYUNUS
ÇEŞME;ARDIÇ
ÇEŞME;BOYALIK
ÇEŞME;CELAL BAYAR
ÇEŞME;CUMHURİYET
ÇEŞME;ÇAKABEY
ÇEŞME;ÇİFTLİK
ÇEŞME;DALYAN
ÇEŞME;FAHRETTİNPAŞA
ÇEŞME;GERMİYAN
ÇEŞME;ILDIR
ÇEŞME;ILICA
ÇEŞME;İSMET İNÖNÜ
ÇEŞME;KARAKÖY
ÇEŞME;MUSALLA
ÇEŞME;OVACIK
ÇEŞME;REİSDERE
ÇEŞME;SAKARYA
ÇEŞME;ŞEHİT MEHMET
ÇEŞME;ŞİFNE
ÇEŞME;ÜNİVERSİTE
ÇEŞME;YALI
ÇİĞLİ;AHMET EFENDİ
ÇİĞLİ;AHMET TANER KIŞLALI
ÇİĞLİ;ATAŞEHİR
ÇİĞLİ;ATATÜRK
ÇİĞLİ;AYDINLIKEVLER
ÇİĞLİ;BALATÇIK
ÇİĞLİ;CUMHURİYET
ÇİĞLİ;ÇAĞDAŞ
ÇİĞLİ;EGEKENT
ÇİĞLİ;ESENTEPE
ÇİĞLİ;EVKA-2
ÇİĞLİ;EVKA-5
ÇİĞLİ;EVKA-6
ÇİĞLİ;GÜZELTEPE
ÇİĞLİ;HARMANDALI GAZİ MUSTAFA KEMAL ATATÜRK
ÇİĞLİ;İNÖNÜ
ÇİĞLİ;İZKENT
ÇİĞLİ;KAKLIÇ
ÇİĞLİ;KÖYİÇİ
ÇİĞLİ;KÜÇÜK ÇİĞLİ
ÇİĞLİ;MALTEPE
ÇİĞLİ;SASALI MERKEZ
ÇİĞLİ;ŞİRİNTEPE
ÇİĞLİ;UĞUR MUMCU
ÇİĞLİ;YAKAKENT
ÇİĞLİ;YENİMAHALLE
DİKİLİ;BADEMLİ
DİKİLİ;BAHÇELİ
DİKİLİ;CUMHURİYET
DİKİLİ;ÇAĞLAN
DİKİLİ;ÇANDARLI
DİKİLİ;ÇUKURALANI
DİKİLİ;DELİKTAŞ
DİKİLİ;DEMİRTAŞ
DİKİLİ;DENİZKÖY
DİKİLİ;ESENTEPE
DİKİLİ;GAZİPAŞA
DİKİLİ;GÖKÇEAĞIL
DİKİLİ;İSLAMLAR
DİKİLİ;İSMETPAŞA
DİKİLİ;KABAKUM
DİKİLİ;KATIRALANI
DİKİLİ;KIRATLI
DİKİLİ;KIROBA
DİKİLİ;KIZILÇUKUR
DİKİLİ;KOCAOBA
DİKİLİ;MAZILI
DİKİLİ;MERDİVENLİ
DİKİLİ;NEBİLER
DİKİLİ;SALİHLER
DİKİLİ;SALİMBEY
DİKİLİ;SAMANLIKKÖY
DİKİLİ;UZUNBURUN
DİKİLİ;YAHŞİBEY
DİKİLİ;YAYLAYURT
DİKİLİ;YENİCE
FOÇA;ATATÜRK
FOÇA;CUMHURİYET
FOÇA;FATİH
FOÇA;FEVZİ ÇAKMAK
FOÇA;FEVZİPAŞA
FOÇA;HACIVELİ
FOÇA;ILIPINAR
FOÇA;İSMETPAŞA
FOÇA;KAZIM DİRİK
FOÇA;KEMAL ATATÜRK
FOÇA;KOCA MEHMETLER
FOÇA;KOZBEYLİ
FOÇA;MAREŞAL FEVZİ ÇAKMAK
FOÇA;MUSTAFA KEMAL ATATÜRK
FOÇA;YENİBAĞARASI
FOÇA;YENİKÖY
GAZİEMİR;AKTEPE
GAZİEMİR;ATATÜRK
GAZİEMİR;ATIFBEY
GAZİEMİR;BEYAZEVLER
GAZİEMİR;BİNBAŞI REŞATBEY
GAZİEMİR;DOKUZ EYLÜL
GAZİEMİR;EMREZ
GAZİEMİR;FATİH
GAZİEMİR;GAZİ
GAZİEMİR;GAZİKENT
GAZİEMİR;HÜRRİYET
GAZİEMİR;IRMAK
GAZİEMİR;MENDERES
GAZİEMİR;SEVGİ
GAZİEMİR;YEŞİL
GAZİEMİR;ZAFER
GÜZELBAHÇE;ATATÜRK
GÜZELBAHÇE;ÇAMLI
GÜZELBAHÇE;ÇELEBİ
GÜZELBAHÇE;KAHRAMANDERE
GÜZELBAHÇE;KÜÇÜKKAYA
GÜZELBAHÇE;MALTEPE
GÜZELBAHÇE;MUSTAFA KEMAL PAŞA
GÜZELBAHÇE;PAYAMLI
GÜZELBAHÇE;SİTELER
GÜZELBAHÇE;YAKA
GÜZELBAHÇE;YALI
GÜZELBAHÇE;YELKİ
KARABAĞLAR;ABDİ İPEKÇİ
KARABAĞLAR;ADNAN SÜVARİ
KARABAĞLAR;ALİ FUAT CEBESOY
KARABAĞLAR;ALİ FUAT ERDEN
KARABAĞLAR;ARAP HASAN
KARABAĞLAR;AŞIK VEYSEL
KARABAĞLAR;AYDIN
KARABAĞLAR;BAHAR
KARABAĞLAR;BAHÇELİEVLER
KARABAĞLAR;BAHRİYE ÜÇOK
KARABAĞLAR;BARIŞ
KARABAĞLAR;BASIN SİTESİ
KARABAĞLAR;BOZYAKA
KARABAĞLAR;CENNETÇEŞME
KARABAĞLAR;CENNETOĞLU
KARABAĞLAR;ÇALIKUŞU
KARABAĞLAR;DEVRİM
KARABAĞLAR;DOĞANAY
KARABAĞLAR;ESENLİK
KARABAĞLAR;ESENTEPE
KARABAĞLAR;ESENYALI
KARABAĞLAR;FAHRETTİN ALTAY
KARABAĞLAR;GAZİ
KARABAĞLAR;GENERAL ASIM GÜNDÜZ
KARABAĞLAR;GENERAL KAZIM ÖZALP
KARABAĞLAR;GÜLYAKA
KARABAĞLAR;GÜNALTAY
KARABAĞLAR;İHSAN ALYANAK
KARABAĞLAR;KARABAĞLAR
KARABAĞLAR;KAVACIK
KARABAĞLAR;KAZIM KARABEKİR
KARABAĞLAR;KİBAR
KARABAĞLAR;LİMONTEPE
KARABAĞLAR;MALİYECİLER
KARABAĞLAR;METİN OKTAY
KARABAĞLAR;MUAMMER AKAR
KARABAĞLAR;OSMAN AKSÜNER
KARABAĞLAR;ÖZGÜR
KARABAĞLAR;PEKER
KARABAĞLAR;POLİGON
KARABAĞLAR;REFET BELE
KARABAĞLAR;REİS
KARABAĞLAR;SALİH OMURTAK
KARABAĞLAR;SARIYER
KARABAĞLAR;SELVİLİ
KARABAĞLAR;SEVGİ
KARABAĞLAR;ŞEHİTLER
KARABAĞLAR;TAHSİN YAZICI
KARABAĞLAR;TIRAZLI
KARABAĞLAR;UĞUR MUMCU
KARABAĞLAR;UMUT
KARABAĞLAR;UZUNDERE
KARABAĞLAR;ÜÇKUYULAR
KARABAĞLAR;VATAN
KARABAĞLAR;YAŞAR KEMAL
KARABAĞLAR;YUNUS EMRE
KARABAĞLAR;YURDOĞLU
KARABAĞLAR;YÜZBAŞI ŞERAFETTİN
KARABURUN;ANBARSEKİ
KARABURUN;BOZKÖY
KARABURUN;EĞLENHOCA
KARABURUN;HASSEKİ
KARABURUN;İNECİK
KARABURUN;İSKELE
KARABURUN;KÖSEDERE
KARABURUN;KÜÇÜKBAHÇE
KARABURUN;MERKEZ
KARABURUN;MORDOĞAN
KARABURUN;PARLAK
KARABURUN;SAİP
KARABURUN;SALMAN
KARABURUN;SARPINCIK
KARABURUN;TEPEBOZ
KARABURUN;YAYLA
KARŞIYAKA;AKSOY
KARŞIYAKA;ALAYBEY
KARŞIYAKA;ATAKENT
KARŞIYAKA;BAHARİYE
KARŞIYAKA;BAHÇELİEVLER
KARŞIYAKA;BAHRİYE ÜÇOK
KARŞIYAKA;BOSTANLI
KARŞIYAKA;CUMHURİYET
KARŞIYAKA;DEDEBAŞI
KARŞIYAKA;DEMİRKÖPRÜ
KARŞIYAKA;DONANMACI
KARŞIYAKA;FİKRİ ALTAY
KARŞIYAKA;GONCALAR
KARŞIYAKA;İMBATLI
KARŞIYAKA;İNÖNÜ
KARŞIYAKA;LATİFE HANIM
KARŞIYAKA;MAVİŞEHİR
KARŞIYAKA;MUSTAFA KEMAL
KARŞIYAKA;NERGİZ
KARŞIYAKA;ÖRNEKKÖY
KARŞIYAKA;SANCAKLI
KARŞIYAKA;ŞEMİKLER
KARŞIYAKA;TERSANE
KARŞIYAKA;TUNA
KARŞIYAKA;YALI
KARŞIYAKA;YAMANLAR
KARŞIYAKA;ZÜBEYDE HANIM
KEMALPAŞA;AKALAN
KEMALPAŞA;ANSIZCA
KEMALPAŞA;ARMUTLU 85.YIL CUMHURİYET
KEMALPAŞA;ARMUTLU HÜRRİYET
KEMALPAŞA;AŞAĞI YENMİŞ
KEMALPAŞA;AŞAĞIKIZILCA
KEMALPAŞA;ATATÜRK
KEMALPAŞA;BAĞYURDU 29 EKİM
KEMALPAŞA;BAĞYURDU KAZIMPAŞA
KEMALPAŞA;BAĞYURDU KEMAL ATATÜRK
KEMALPAŞA;BAĞYURDU YENİ
KEMALPAŞA;BAYRAMLI
KEMALPAŞA;BEŞPINAR
KEMALPAŞA;CUMALI
KEMALPAŞA;ÇAMBEL
KEMALPAŞA;ÇINARKÖY
KEMALPAŞA;ÇİNİLİKÖY
KEMALPAŞA;DAMLACIK
KEMALPAŞA;DEREKÖY
KEMALPAŞA;GÖKÇEYURT
KEMALPAŞA;GÖKYAKA
KEMALPAŞA;HALİLBEYLİ
KEMALPAŞA;HAMZABABA
KEMALPAŞA;KAMBERLER
KEMALPAŞA;KIZILÜZÜM
KEMALPAŞA;KUYUCAK
KEMALPAŞA;MEHMET AKİF ERSOY
KEMALPAŞA;NAZARKÖY
KEMALPAŞA;OVACIK
KEMALPAŞA;ÖREN 75.YIL CUMHURİYET
KEMALPAŞA;ÖREN EGEMEN
KEMALPAŞA;ÖRNEKKÖY
KEMALPAŞA;SARIÇALI
KEMALPAŞA;SARILAR
KEMALPAŞA;SEKİZ EYLÜL
KEMALPAŞA;SİNANCILAR
KEMALPAŞA;SOĞUKPINAR
KEMALPAŞA;SÜTÇÜLER
KEMALPAŞA;ULUCAK CUMHURİYET
KEMALPAŞA;ULUCAK İSTİKLAL
KEMALPAŞA;ULUCAK MUSTAFA KEMAL ATATÜRK
KEMALPAŞA;VİŞNELİ
KEMALPAŞA;YENİKURUDERE
KEMALPAŞA;YENMİŞ
KEMALPAŞA;YEŞİLKÖY
KEMALPAŞA;YEŞİLYURT
KEMALPAŞA;YİĞİTLER
KEMALPAŞA;YUKARIKIZILCA MERKEZ
KEMALPAŞA;ZEAMET
KINIK;ARPADERE
KINIK;ARPASEKİ
KINIK;AŞAĞI
KINIK;AZİZİYE
KINIK;BADEMALAN
KINIK;BAĞALAN
KINIK;BALABAN
KINIK;BÜYÜKOBA
KINIK;CUMALI
KINIK;ÇALTI
KINIK;ÇANKÖY
KINIK;ÇİFTLİKKÖY
KINIK;DEĞİRMENCİELİ
KINIK;DÜNDARLI
KINIK;ELMADERE
KINIK;FATİH
KINIK;HAMZAHOCALI
KINIK;IŞIKLAR
KINIK;İBRAHİMAĞA
KINIK;KALEMKÖY
KINIK;KARADERE
KINIK;KARATEKELİ
KINIK;KOCAÖMER
KINIK;KODUKBURUN
KINIK;KÖSELER
KINIK;MISTIKLAR
KINIK;MUSACALI
KINIK;OSMANİYE
KINIK;ÖRTÜLÜ
KINIK;POYRACIK
KINIK;SUCAHLI
KINIK;TAŞTEPE
KINIK;TÜRKCEDİT
KINIK;YAYAKENT
KINIK;YAYLAKÖY
KINIK;YENİ
KINIK;YUKARI
KİRAZ;AHMETLER
KİRAZ;AKPINAR
KİRAZ;ALTINOLUK
KİRAZ;ARKACILAR
KİRAZ;AVUNDURUK
KİRAZ;AYDOĞDU
KİRAZ;BAHÇEARASI
KİRAZ;BAŞARAN
KİRAZ;CERİTLER
KİRAZ;CEVİZLİ
KİRAZ;CUMHURİYET
KİRAZ;ÇANAKÇI
KİRAZ;ÇATAK
KİRAZ;ÇAYAĞZI
KİRAZ;ÇÖMLEKÇİ
KİRAZ;DOĞANCILAR
KİRAZ;DOKUZLAR
KİRAZ;EMENLER
KİRAZ;GEDİK
KİRAZ;HALİLLER
KİRAZ;HİSAR
KİRAZ;İĞDELİ
KİRAZ;İSTİKLAL
KİRAZ;KALEKÖY
KİRAZ;KARABAĞ
KİRAZ;KARABULU
KİRAZ;KARABURÇ
KİRAZ;KARAMAN
KİRAZ;KIRKÖY
KİRAZ;KİBAR
KİRAZ;MAVİDERE
KİRAZ;MERSİNLİDERE
KİRAZ;OLGUNLAR
KİRAZ;OVACIK
KİRAZ;ÖREN
KİRAZ;ÖRENCİK
KİRAZ;PINARBAŞI
KİRAZ;SAÇLI
KİRAZ;SARIKAYA
KİRAZ;SARISU
KİRAZ;SIRIMLI
KİRAZ;SOLAKLAR
KİRAZ;SULUDERE
KİRAZ;ŞEMSİLER
KİRAZ;TAŞLIYATAK
KİRAZ;TEKBIÇAKLAR
KİRAZ;TUMBULLAR
KİRAZ;UMURCALI
KİRAZ;UMURLU
KİRAZ;UZUNKÖY
KİRAZ;VELİLER
KİRAZ;YAĞLAR
KİRAZ;YENİ
KİRAZ;YENİKÖY
KİRAZ;YENİŞEHİR
KİRAZ;YEŞİLDERE
KONAK;19 MAYIS
KONAK;26 AĞUSTOS
KONAK;1.KADRİYE
KONAK;2.KADRİYE
KONAK;AKARCALI
KONAK;AKDENİZ
KONAK;AKIN SİMAV
KONAK;AKINCI
KONAK;ALİ REİS
KONAK;ALSANCAK
KONAK;ALTAY
KONAK;ALTINORDU
KONAK;ALTINTAŞ
KONAK;ANADOLU
KONAK;ATAMER
KONAK;ATİLLA
KONAK;AZİZİYE
KONAK;BALLIKUYU
KONAK;BARBAROS
KONAK;BOĞAZİÇİ
KONAK;BOZKURT
KONAK;CENGİZ TOPEL
KONAK;ÇAHABEY
KONAK;ÇANKAYA
KONAK;ÇINARLI
KONAK;ÇINARTEPE
KONAK;ÇİMENTEPE
KONAK;DAYIEMİR
KONAK;DOLAPLIKUYU
KONAK;DUATEPE
KONAK;EGE
KONAK;EMİR SULTAN
KONAK;ETİLER
KONAK;FAİK PAŞA
KONAK;FATİH
KONAK;FERAHLI
KONAK;FEVZİ PAŞA
KONAK;GÖZTEPE
KONAK;GÜNEŞ
KONAK;GÜNEŞLİ
KONAK;GÜNEY
KONAK;GÜNGÖR
KONAK;GÜZELYALI
KONAK;GÜZELYURT
KONAK;HALKAPINAR
KONAK;HASAN ÖZDEMİR
KONAK;HİLAL
KONAK;HURŞİDİYE
KONAK;HUZUR
KONAK;İMARİYE
KONAK;İSMET KAPTAN
KONAK;İSMET PAŞA
KONAK;KADİFEKALE
KONAK;KAHRAMAN MESCİT
KONAK;KAHRAMANLAR
KONAK;KEMAL REİS
KONAK;KESTELLİ
KONAK;KILIÇ REİS
KONAK;KOCAKAPI
KONAK;KOCATEPE
KONAK;KONAK
KONAK;KOSOVA
KONAK;KUBİLAY
KONAK;KURTULUŞ
KONAK;KÜÇÜKADA
KONAK;KÜLTÜR
KONAK;LALE
KONAK;LEVENT
KONAK;MECİDİYE
KONAK;MEHMET AKİF
KONAK;MEHMET ALİ AKMAN
KONAK;MEHTAP
KONAK;MERSİNLİ
KONAK;MİLLET
KONAK;MİMAR SİNAN
KONAK;MİRALİ
KONAK;MİTHATPAŞA
KONAK;MURAT
KONAK;MURAT REİS
KONAK;NAMIK KEMAL
KONAK;ODUNKAPI
KONAK;OĞUZLAR
KONAK;PAZARYERİ
KONAK;PİRİ REİS
KONAK;SAKARYA
KONAK;SAYGI
KONAK;SELÇUK
KONAK;SÜMER
KONAK;SÜVARİ
KONAK;ŞEHİT NEDİM TUĞALTAY
KONAK;TAN
KONAK;TINAZTEPE
KONAK;TRAKYA
KONAK;TURGUT REİS
KONAK;TUZCU
KONAK;TÜRKYILMAZ
KONAK;UĞUR
KONAK;ULUBATLI
KONAK;UMURBEY
KONAK;ÜLKÜ
KONAK;VEZİRAĞA
KONAK;YAVUZ SELİM
KONAK;YENİ
KONAK;YENİDOĞAN
KONAK;YENİGÜN
KONAK;YENİŞEHİR
KONAK;YEŞİLDERE
KONAK;YEŞİLTEPE
KONAK;YILDIZ
KONAK;ZAFERTEPE
KONAK;ZEYBEK
KONAK;ZEYTİNLİK
MENDERES;AHMETBEYLİ
MENDERES;AKÇAKÖY
MENDERES;ALTINTEPE
MENDERES;ATA
MENDERES;ATAKÖY
MENDERES;BARBAROS
MENDERES;BULGURCA
MENDERES;CÜNEYTBEY
MENDERES;ÇAKALTEPE
MENDERES;ÇAMÖNÜ
MENDERES;ÇATALCA
MENDERES;ÇİLE
MENDERES;ÇİLEME
MENDERES;ÇUKURALTI
MENDERES;DEĞİRMENDERE
MENDERES;DEREKÖY
MENDERES;DEVELİ
MENDERES;EFEMÇUKURU
MENDERES;GAZİPAŞA
MENDERES;GÖLCÜKLER
MENDERES;GÖLOVA
MENDERES;GÖRECE CUMHURİYET
MENDERES;GÜMÜLDÜR ATATÜRK
MENDERES;GÜMÜLDÜR CUMHURİYET
MENDERES;GÜMÜLDÜR FEVZİ ÇAKMAK
MENDERES;GÜMÜLDÜR İNÖNÜ
MENDERES;HÜRRİYET
MENDERES;KARAKUYU
MENDERES;KASIMPAŞA
MENDERES;KELER
MENDERES;KEMALPAŞA
MENDERES;KISIK
MENDERES;KUYUCAK
MENDERES;KÜNER
MENDERES;MİTHATPAŞA
MENDERES;OĞLANANASI ATATÜRK
MENDERES;OĞLANANASI CUMHURİYET
MENDERES;ORTA
MENDERES;ÖZDERE CUMHURİYET
MENDERES;SANCAKLI
MENDERES;ŞAŞAL
MENDERES;TEKELİ ATATÜRK
MENDERES;TEKELİ FEVZİ ÇAKMAK
MENDERES;YENİKÖY
MENEMEN;30 AĞUSTOS
MENEMEN;9 EYLÜL
MENEMEN;29 EKİM
MENEMEN;75.YIL CUMHURİYET
MENEMEN;85.YIL CUMHURİYET
MENEMEN;AHIHIDIR
MENEMEN;ALANİÇİ
MENEMEN;ATATÜRK
MENEMEN;AYVACIK
MENEMEN;BAĞCILAR
MENEMEN;BELEN
MENEMEN;BOZALAN
MENEMEN;BURUNCUK
MENEMEN;CAMİİKEBİR
MENEMEN;CUMHURİYET
MENEMEN;ÇALTI
MENEMEN;ÇAVUŞ
MENEMEN;ÇUKURKÖY
MENEMEN;DEĞİRMENDERE
MENEMEN;DOĞA
MENEMEN;EMİRALEM MERKEZ
MENEMEN;ESATPAŞA
MENEMEN;FATİH
MENEMEN;GAYBİ
MENEMEN;GAZİ
MENEMEN;GAZİ MUSTAFA KEMAL
MENEMEN;GÖKTEPE
MENEMEN;GÖLCÜK
MENEMEN;GÖRECE
MENEMEN;GÜNERLİ
MENEMEN;HASANLAR
MENEMEN;HATUNDERE
MENEMEN;HAYKIRAN
MENEMEN;IRMAK
MENEMEN;İĞNEDERE
MENEMEN;İNCİRLİ PINAR
MENEMEN;İNÖNÜ
MENEMEN;İSMET İNÖNÜ
MENEMEN;İSTİKLAL
MENEMEN;KARAORMAN
MENEMEN;KASIMPAŞA
MENEMEN;KAZIMPAŞA
MENEMEN;KEMAL ATATÜRK
MENEMEN;KESİK
MENEMEN;KIR
MENEMEN;MERMERLİ
MENEMEN;MUSABEY
MENEMEN;MUSTAFA KEMAL ATATÜRK
MENEMEN;SEYDİNNASRULLAH
MENEMEN;SÜLEYMANLI
MENEMEN;SÜZBEYLİ
MENEMEN;TELEKLER
MENEMEN;TURGUTLAR
MENEMEN;TUZÇULLU
MENEMEN;TÜLBENTLİ
MENEMEN;UĞUR MUMCU
MENEMEN;ULUS
MENEMEN;VİLLAKENT
MENEMEN;YAHŞELLİ
MENEMEN;YANIKKÖY
MENEMEN;YAYLA
MENEMEN;YEŞİL PINAR
MENEMEN;YILDIRIM
MENEMEN;ZAFER
MENEMEN;ZEYTİNLİK
NARLIDERE;2. İNÖNÜ
NARLIDERE;ALTIEVLER
NARLIDERE;ATATÜRK
NARLIDERE;ÇAMTEPE
NARLIDERE;ÇATALKAYA
NARLIDERE;HUZUR
NARLIDERE;ILICA
NARLIDERE;LİMANREİS
NARLIDERE;NARLI
NARLIDERE;SAHİLEVLERİ
NARLIDERE;YENİKALE
ÖDEMİŞ;AKINCILAR
ÖDEMİŞ;ALAŞARLI
ÖDEMİŞ;ANAFARTALAR
ÖDEMİŞ;ARTICAK
ÖDEMİŞ;ATATÜRK
ÖDEMİŞ;BADEMLİ
ÖDEMİŞ;BALABANLI
ÖDEMİŞ;BAYIRLI
ÖDEMİŞ;BEBEKLER
ÖDEMİŞ;BENGİSU
ÖDEMİŞ;BEYAZITLAR
ÖDEMİŞ;BIÇAKÇI
ÖDEMİŞ;BİRGİ
ÖDEMİŞ;BOZCAYAKA
ÖDEMİŞ;BOZDAĞ
ÖDEMİŞ;BUCAK
ÖDEMİŞ;BÜLBÜLLER
ÖDEMİŞ;BÜYÜKAVULCUK
ÖDEMİŞ;CEVİZALAN
ÖDEMİŞ;CUMHURİYET
ÖDEMİŞ;ÇAĞLAYAN
ÖDEMİŞ;ÇAMLICA
ÖDEMİŞ;ÇAMYAYLA
ÖDEMİŞ;ÇAYIR
ÖDEMİŞ;ÇAYLI
ÖDEMİŞ;ÇOBANLAR
ÖDEMİŞ;DEMİRCİLİ
ÖDEMİŞ;DEMİRDERE
ÖDEMİŞ;DEREUZUNYER
ÖDEMİŞ;DOLAYLAR
ÖDEMİŞ;EMİRLİ
ÖDEMİŞ;EMMİOĞLU
ÖDEMİŞ;ERTUĞRUL
ÖDEMİŞ;GERÇEKLİ
ÖDEMİŞ;GERELİ
ÖDEMİŞ;GÖLCÜK
ÖDEMİŞ;GÜNEY
ÖDEMİŞ;GÜNLÜCE
ÖDEMİŞ;HACIHASAN
ÖDEMİŞ;HAMAM
ÖDEMİŞ;HORZUM
ÖDEMİŞ;HÜRRİYET
ÖDEMİŞ;IŞIK
ÖDEMİŞ;İLKKURŞUN
ÖDEMİŞ;İNÖNÜ
ÖDEMİŞ;KARADOĞAN
ÖDEMİŞ;KARAKOVA
ÖDEMİŞ;KAYAKÖY
ÖDEMİŞ;KAYMAKÇI
ÖDEMİŞ;KAZANLI
ÖDEMİŞ;KEMENLER
ÖDEMİŞ;KEMER
ÖDEMİŞ;KERPİÇLİK
ÖDEMİŞ;KIŞLA
ÖDEMİŞ;KIZILCA
ÖDEMİŞ;KIZILCAAVLU
ÖDEMİŞ;KONAKLI
ÖDEMİŞ;KÖFÜNDERE
ÖDEMİŞ;KÖSELER
ÖDEMİŞ;KURUCUOVA
ÖDEMİŞ;KUTLUBEYLER
ÖDEMİŞ;KUVVETLİ
ÖDEMİŞ;KÜÇÜKAVULCUK
ÖDEMİŞ;KÜÇÜKÖREN
ÖDEMİŞ;KÜRE
ÖDEMİŞ;MESCİTLİ
ÖDEMİŞ;MEŞRUTİYET
ÖDEMİŞ;MİMAR SİNAN
ÖDEMİŞ;MURSALLI
ÖDEMİŞ;OCAKLI
ÖDEMİŞ;OĞUZLAR
ÖDEMİŞ;ORHANGAZİ
ÖDEMİŞ;ORTAKÖY
ÖDEMİŞ;OVACIK
ÖDEMİŞ;OVAKENT
ÖDEMİŞ;PİRİNÇÇİ
ÖDEMİŞ;SEKİKÖY
ÖDEMİŞ;SEYREKLİ
ÖDEMİŞ;SUÇIKTI
ÖDEMİŞ;SÜLEYMAN DEMİREL
ÖDEMİŞ;SÜLEYMANLAR
ÖDEMİŞ;ŞİRİNKÖY
ÖDEMİŞ;TEKKE
ÖDEMİŞ;TOSUNLAR
ÖDEMİŞ;TÜRKMEN
ÖDEMİŞ;TÜRKÖNÜ
ÖDEMİŞ;UMURBEY
ÖDEMİŞ;UZUNDERE
ÖDEMİŞ;ÜÇ EYLÜL
ÖDEMİŞ;ÜÇKONAK
ÖDEMİŞ;ÜZÜMLÜ
ÖDEMİŞ;VELİLER
ÖDEMİŞ;YENİCEKÖY
ÖDEMİŞ;YENİKÖY
ÖDEMİŞ;YEŞİLKÖY
ÖDEMİŞ;YILANLI
ÖDEMİŞ;YOLÜSTÜ
ÖDEMİŞ;YUSUFDERE
ÖDEMİŞ;ZAFER
SEFERİHİSAR;AKARCA
SEFERİHİSAR;ATATÜRK
SEFERİHİSAR;BENGİLER
SEFERİHİSAR;BEYLER
SEFERİHİSAR;CAMİKEBİR
SEFERİHİSAR;CUMHURİYET
SEFERİHİSAR;ÇAMTEPE
SEFERİHİSAR;ÇOLAK İBRAHİM BEY
SEFERİHİSAR;DÜZCE
SEFERİHİSAR;GÖDENCE
SEFERİHİSAR;GÖLCÜK
SEFERİHİSAR;HIDIRLIK
SEFERİHİSAR;İHSANİYE
SEFERİHİSAR;KAVAKDERE
SEFERİHİSAR;MERSİN ALANI
SEFERİHİSAR;ORHANLI
SEFERİHİSAR;PAYAMLI
SEFERİHİSAR;SIĞACIK
SEFERİHİSAR;TEPECİK
SEFERİHİSAR;TURABİYE
SEFERİHİSAR;TURGUT
SEFERİHİSAR;ULAMIŞ
SELÇUK;14 MAYIS
SELÇUK;ACARLAR
SELÇUK;ATATÜRK
SELÇUK;BARUTÇU
SELÇUK;BELEVİ
SELÇUK;CUMHURİYET
SELÇUK;ÇAMLIK
SELÇUK;GÖKÇEALAN
SELÇUK;HAVUTÇULU
SELÇUK;İSA BEY
SELÇUK;SULTANİYE
SELÇUK;ŞİRİNCE
SELÇUK;ZAFER
SELÇUK;ZEYTİNKÖY
TİRE;4 EYLÜL
TİRE;ADNAN MENDERES
TİRE;AKÇAŞEHİR
TİRE;AKKOYUNLU
TİRE;AKMESCİT
TİRE;AKYURT
TİRE;ALACALI
TİRE;ALAYLI
TİRE;ARMUTLU
TİRE;ATATÜRK
TİRE;AYAKLIKIRI
TİRE;BAHARİYE
TİRE;BAŞKÖY
TİRE;BOYNUYOĞUN
TİRE;BÜYÜKKALE
TİRE;BÜYÜKKEMERDERE
TİRE;BÜYÜKKÖMÜRCÜ
TİRE;CAMBAZLI
TİRE;CUMHURİYET
TİRE;ÇAYIRLI
TİRE;ÇERİKÖZÜ
TİRE;ÇİNİYERİ
TİRE;ÇOBANKÖY
TİRE;ÇUKURKÖY
TİRE;DAĞDERE
TİRE;DALLIK
TİRE;DERE
TİRE;DEREBAŞI
TİRE;DERELİ
TİRE;DİBEKÇİ
TİRE;DOYRANLI
TİRE;DUATEPE
TİRE;DUMLUPINAR
TİRE;DÜNDARLI
TİRE;EĞRİDERE
TİRE;ERTUĞRUL
TİRE;ESKİOBA
TİRE;FATİH
TİRE;GÖKÇEN
TİRE;HALKAPINAR
TİRE;HASANÇAVUŞLAR
TİRE;HİSARLIK
TİRE;HÜRRİYET
TİRE;IŞIKLAR
TİRE;IŞIKLI
TİRE;İBNİ MELEK
TİRE;İHSANİYE
TİRE;İPEKÇİLER
TİRE;İSTİKLAL
TİRE;KAHRAT
TİRE;KAPLAN
TİRE;KARACA ALİ
TİRE;KARATEKE
TİRE;KETENCİ
TİRE;KIRTEPE
TİRE;KIZILCAHAVLU
TİRE;KİRELİ
TİRE;KOCAALİLER
TİRE;KURŞAK
TİRE;KURTULUŞ
TİRE;KÜÇÜKBURUN
TİRE;KÜÇÜKKALE
TİRE;KÜÇÜKKEMERDERE
TİRE;KÜÇÜKKÖMÜRCÜ
TİRE;KÜRDÜLLÜ
TİRE;MAHMUTLAR
TİRE;MEHMETLER
TİRE;MUSALAR
TİRE;ORTAKÖY
TİRE;OSMANCIK
TİRE;PAŞA
TİRE;PEŞREFLİ
TİRE;SARILAR
TİRE;SARUHANLI
TİRE;SOMAK
TİRE;TOKİ
TİRE;TOPALAK
TİRE;TOPARLAR
TİRE;TURAN
TİRE;TURGUTLU
TİRE;ÜZÜMLER
TİRE;YAMANDERE
TİRE;YEĞENLİ
TİRE;YEMİŞLER
TİRE;YENİ
TİRE;YENİÇİFTLİK
TİRE;YENİOBA
TİRE;YENİŞEHİR
TORBALI;19 MAYIS
TORBALI;AHMETLİ
TORBALI;ALPKENT
TORBALI;ARSLANLAR
TORBALI;ATALAN
TORBALI;ATATÜRK
TORBALI;AYRANCILAR
TORBALI;BAHÇELİEVLER
TORBALI;BOZKÖY
TORBALI;BÜLBÜLDERE
TORBALI;CUMHURİYET
TORBALI;ÇAKIRBEYLİ
TORBALI;ÇAMLICA
TORBALI;ÇAPAK
TORBALI;ÇAYBAŞI
TORBALI;DAĞKIZILCA
TORBALI;DAĞTEKE
TORBALI;DEMİRCİ
TORBALI;DİRMİL
TORBALI;DÜVERLİK
TORBALI;EĞERCİ
TORBALI;ERTUĞRUL
TORBALI;FEVZİ ÇAKMAK
TORBALI;GAZİ MUSTAFA KEMAL
TORBALI;GÖLLÜCE
TORBALI;HELVACI
TORBALI;İNÖNÜ
TORBALI;İSTİKLAL
TORBALI;KAPLANCIK
TORBALI;KARAKIZLAR
TORBALI;KARAKUYU
TORBALI;KARAOT
TORBALI;KARŞIYAKA
TORBALI;KAZIM KARABEKİR
TORBALI;KIRBAŞ
TORBALI;KUŞÇUBURUN
TORBALI;MURATBEY
TORBALI;MUSTAFA KEMAL ATATÜRK
TORBALI;NAİME
TORBALI;ORMANKÖY
TORBALI;ORTAKÖY
TORBALI;ÖZBEY
TORBALI;PAMUKYAZI
TORBALI;PANCAR
TORBALI;SAĞLIK
TORBALI;SAİPLER
TORBALI;SUBAŞI
TORBALI;ŞEHİTLER
TORBALI;TAŞKESİK
TORBALI;TEPEKÖY
TORBALI;TORBALI
TORBALI;TULUM
TORBALI;TÜRKMENKÖY
TORBALI;YAZIBAŞI
TORBALI;YEDİ EYLÜL
TORBALI;YEMİŞLİK
TORBALI;YENİ
TORBALI;YENİKÖY
TORBALI;YEŞİLKÖY
TORBALI;YOĞURTÇULAR
URLA;ALTINTAŞ
URLA;ATATÜRK
URLA;BADEMLER
URLA;BALIKLIOVA
URLA;BARBAROS
URLA;BİRGİ
URLA;CAMİATİK
URLA;ÇAMLIÇAY
URLA;DEMİRCİLİ
URLA;DENİZLİ
URLA;GÜLBAHÇE
URLA;GÜVENDİK
URLA;HACI İSA
URLA;İÇMELER
URLA;İSKELE
URLA;KADIOVACIK
URLA;KALABAK
URLA;KUŞÇULAR
URLA;M.FEVZİ ÇAKMAK
URLA;NAİPLİ
URLA;NOHUTALAN
URLA;OVACIK
URLA;ÖZBEK
URLA;RÜSTEM
URLA;SIRA
URLA;ŞİRİNKENT
URLA;TORASAN
URLA;UZUNKUYU
URLA;YAĞCILAR
URLA;YAKA
URLA;YELALTI
URLA;YENİ
URLA;YENİCE
URLA;YENİKENT
URLA;ZEYTİNALANI
URLA;ZEYTİNELİ
URLA;ZEYTİNLER
